{
  "_format": "hh-sol-cache-2",
  "files": {
    "C:\\Users\\MrDilz\\Desktop\\kerja\\UniversalSender\\contracts\\EIP7702MultiDelegated.sol": {
      "lastModificationDate": 1767850119245,
      "contentHash": "4b7f40858fce2bd98a037e869fdec159",
      "sourceName": "contracts/EIP7702MultiDelegated.sol",
      "solcConfig": {
        "version": "0.8.26",
        "settings": {
          "optimizer": {
            "enabled": true,
            "runs": 200
          },
          "viaIR": true,
          "evmVersion": "paris",
          "outputSelection": {
            "*": {
              "*": [
                "abi",
                "evm.bytecode",
                "evm.deployedBytecode",
                "evm.methodIdentifiers",
                "metadata",
                "devdoc",
                "userdoc",
                "storageLayout",
                "evm.gasEstimates"
              ],
              "": [
                "ast"
              ]
            }
          },
          "metadata": {
            "useLiteralContent": true
          }
        }
      },
      "imports": [
        "@openzeppelin/contracts/utils/cryptography/ECDSA.sol"
      ],
      "versionPragmas": [
        "^0.8.24"
      ],
      "artifacts": [
        "EIP7702MultiDelegated",
        "IERC1155",
        "IERC20",
        "IERC721"
      ]
    },
    "C:\\Users\\MrDilz\\Desktop\\kerja\\UniversalSender\\node_modules\\@openzeppelin\\contracts\\utils\\cryptography\\ECDSA.sol": {
      "lastModificationDate": 1767105275960,
      "contentHash": "81de029d56aa803972be03c5d277cb6c",
      "sourceName": "@openzeppelin/contracts/utils/cryptography/ECDSA.sol",
      "solcConfig": {
        "version": "0.8.26",
        "settings": {
          "optimizer": {
            "enabled": true,
            "runs": 200
          },
          "viaIR": true,
          "evmVersion": "paris",
          "outputSelection": {
            "*": {
              "*": [
                "abi",
                "evm.bytecode",
                "evm.deployedBytecode",
                "evm.methodIdentifiers",
                "metadata",
                "devdoc",
                "userdoc",
                "storageLayout",
                "evm.gasEstimates"
              ],
              "": [
                "ast"
              ]
            }
          },
          "metadata": {
            "useLiteralContent": true
          }
        }
      },
      "imports": [],
      "versionPragmas": [
        "^0.8.20"
      ],
      "artifacts": [
        "ECDSA"
      ]
    },
    "C:\\Users\\MrDilz\\Desktop\\kerja\\UniversalSender\\contracts\\SimpleDepositStaking.sol": {
      "lastModificationDate": 1767875754468,
      "contentHash": "bb6b40870b8e44d411785e21c4d2645a",
      "sourceName": "contracts/SimpleDepositStaking.sol",
      "solcConfig": {
        "version": "0.8.26",
        "settings": {
          "optimizer": {
            "enabled": true,
            "runs": 200
          },
          "viaIR": true,
          "evmVersion": "paris",
          "outputSelection": {
            "*": {
              "*": [
                "abi",
                "evm.bytecode",
                "evm.deployedBytecode",
                "evm.methodIdentifiers",
                "metadata",
                "devdoc",
                "userdoc",
                "storageLayout",
                "evm.gasEstimates"
              ],
              "": [
                "ast"
              ]
            }
          },
          "metadata": {
            "useLiteralContent": true
          }
        }
      },
      "imports": [],
      "versionPragmas": [
        "^0.8.24"
      ],
      "artifacts": [
        "SimpleDepositStaking"
      ]
    },
    "C:\\Users\\MrDilz\\Desktop\\kerja\\UniversalSender\\contracts\\TransparentUpgradeableProxy.sol": {
      "lastModificationDate": 1767339874711,
      "contentHash": "da159d4125919c7bdc28178cc49b5e88",
      "sourceName": "contracts/TransparentUpgradeableProxy.sol",
      "solcConfig": {
        "version": "0.8.26",
        "settings": {
          "optimizer": {
            "enabled": true,
            "runs": 200
          },
          "viaIR": true,
          "evmVersion": "paris",
          "outputSelection": {
            "*": {
              "*": [
                "abi",
                "evm.bytecode",
                "evm.deployedBytecode",
                "evm.methodIdentifiers",
                "metadata",
                "devdoc",
                "userdoc",
                "storageLayout",
                "evm.gasEstimates"
              ],
              "": [
                "ast"
              ]
            }
          },
          "metadata": {
            "useLiteralContent": true
          }
        }
      },
      "imports": [],
      "versionPragmas": [
        "^0.8.2"
      ],
      "artifacts": [
        "Address",
        "ERC1967Proxy",
        "ERC1967Upgrade",
        "IBeacon",
        "IERC1822Proxiable",
        "Proxy",
        "StorageSlot",
        "TransparentUpgradeableProxy"
      ]
    },
    "C:\\Users\\MrDilz\\Desktop\\kerja\\UniversalSender\\contracts\\UniversalGaslessRelayer.sol": {
      "lastModificationDate": 1769868510024,
      "contentHash": "14e3cb0d5336b0a8af59385ccd2f3e86",
      "sourceName": "contracts/UniversalGaslessRelayer.sol",
      "solcConfig": {
        "version": "0.8.26",
        "settings": {
          "optimizer": {
            "enabled": true,
            "runs": 200
          },
          "viaIR": true,
          "evmVersion": "paris",
          "outputSelection": {
            "*": {
              "*": [
                "abi",
                "evm.bytecode",
                "evm.deployedBytecode",
                "evm.methodIdentifiers",
                "metadata",
                "devdoc",
                "userdoc",
                "storageLayout",
                "evm.gasEstimates"
              ],
              "": [
                "ast"
              ]
            }
          },
          "metadata": {
            "useLiteralContent": true
          }
        }
      },
      "imports": [],
      "versionPragmas": [
        "^0.8.20"
      ],
      "artifacts": [
        "IERC1155",
        "IERC20",
        "IERC20Permit",
        "IERC3009",
        "IERC721",
        "ReentrancyGuard",
        "UniversalGaslessRelayer"
      ]
    },
    "C:\\Users\\MrDilz\\Desktop\\kerja\\UniversalSender\\contracts\\UniversalGaslessRelayerNoWl.sol": {
      "lastModificationDate": 1767339874718,
      "contentHash": "aebd9a3caeb091bf1657ad7b87c2d581",
      "sourceName": "contracts/UniversalGaslessRelayerNoWl.sol",
      "solcConfig": {
        "version": "0.8.26",
        "settings": {
          "optimizer": {
            "enabled": true,
            "runs": 200
          },
          "viaIR": true,
          "evmVersion": "paris",
          "outputSelection": {
            "*": {
              "*": [
                "abi",
                "evm.bytecode",
                "evm.deployedBytecode",
                "evm.methodIdentifiers",
                "metadata",
                "devdoc",
                "userdoc",
                "storageLayout",
                "evm.gasEstimates"
              ],
              "": [
                "ast"
              ]
            }
          },
          "metadata": {
            "useLiteralContent": true
          }
        }
      },
      "imports": [],
      "versionPragmas": [
        "^0.8.20"
      ],
      "artifacts": [
        "IERC1155",
        "IERC20",
        "IERC20Permit",
        "IERC3009",
        "IERC721",
        "ReentrancyGuard",
        "UniversalGaslessRelayerNoWl"
      ]
    }
  }
}
